event_id,source_feature_number,report_feature_number,feat_type,coverage_code,geometry_type,full_area_km2,in_domain_area_km2,in_domain_fraction,out_of_domain_fraction,current_fraction,in_domain_denominator_fraction,fraction_difference,current_category,candidate_category,min_lon,min_lat,max_lon,max_lat,artifact_method
20260324_13Z_F04,1,1,AREA,3,Polygon,21430.590900781906,21430.590900781906,1.0,0.0,0.0,0.0,0.0,Overforecasted,Overforecasted,-81.7,29.2,-79.2,30.7,legacy independent-max frozen truth
20260403_21Z_F04,1,1,AREA,3,Polygon,17238.899441262445,17238.89944126245,1.0,0.0,0.0,0.0,0.0,Overforecasted,Overforecasted,-83.4,28.8,-82.3,30.7,legacy independent-max frozen truth
20260403_21Z_F04,2,5,AREA,2,Polygon,62090.06292273419,62090.06292273418,0.9999999999999998,2.220446049250313e-16,0.0,0.0,0.0,Overforecasted,Overforecasted,-98.8,34.6,-93.7,39.6,legacy independent-max frozen truth
20260403_21Z_F04,3,2,AREA,3,Polygon,44911.61595465938,44911.61595465938,1.0,0.0,0.40834089193700784,0.40834089193700784,0.0,Verified Close,Verified Close,-91.5,38.9,-87.6,41.4,legacy independent-max frozen truth
20260403_21Z_F04,4,3,AREA,3,Polygon,81188.77411114298,81188.77411114298,1.0,0.0,0.7206270320271837,0.7206270320271837,0.0,Verified Well,Verified Well,-94.5,40.0,-90.1,44.3,legacy independent-max frozen truth
20260403_21Z_F04,5,6,AREA,3,Polygon,178345.291399847,178345.291399847,1.0,0.0,0.25917103850122736,0.25917103850122736,0.0,Verified Close,Verified Close,-100.4,34.0,-93.4,40.0,legacy independent-max frozen truth
20260403_21Z_F04,6,7,AREA,3,Polygon,42139.292859475216,41738.4375468245,0.9904873744799784,0.009512625520021634,0.0,0.0,0.0,Overforecasted,Overforecasted,-103.1,29.7,-100.0,32.1,legacy independent-max frozen truth
20260403_21Z_F04,7,4,LINE,1,Polygon,16164.924542202354,16164.924542202363,1.0,0.0,0.0,0.0,0.0,Overforecasted,Overforecasted,-97.94987700280078,35.05012299719923,-94.15000746151723,39.049992538482755,legacy independent-max frozen truth
20260524_13Z_F04,1,5,AREA,3,Polygon,15260.373044895985,15260.373044895987,1.0,0.0,0.46338490562498713,0.46338490562498713,0.0,Verified Close,Verified Close,-87.3,33.0,-85.7,34.3,legacy independent-max frozen truth
20260524_13Z_F04,2,4,AREA,3,Polygon,13832.917660720037,13832.917660720039,1.0,0.0,0.06282626539999075,0.06282626539999075,0.0,Overforecasted,Overforecasted,-87.1,31.0,-85.7,32.6,legacy independent-max frozen truth
20260524_13Z_F04,3,2,AREA,3,Polygon,32914.189518573396,32914.18951857339,0.9999999999999999,1.1102230246251565e-16,0.0585875242931264,0.05858752429312641,6.938893903907228e-18,Overforecasted,Overforecasted,-80.0,31.0,-76.2,33.9,legacy independent-max frozen truth
20260524_13Z_F04,4,1,AREA,3,Polygon,21221.436364991772,21221.43636499177,0.9999999999999998,2.220446049250313e-16,0.0,0.0,0.0,Overforecasted,Overforecasted,-75.1,34.7,-72.8,37.2,legacy independent-max frozen truth
20260524_13Z_F04,5,3,AREA,3,Polygon,17595.94070072359,17595.940700723593,1.0,0.0,0.0,0.0,0.0,Overforecasted,Overforecasted,-86.3,41.1,-84.9,43.5,legacy independent-max frozen truth
20260524_13Z_F04,6,6,AREA,3,Polygon,54177.0169305636,54177.01693056361,1.0,0.0,0.0,0.0,0.0,Overforecasted,Overforecasted,-96.5,27.1,-90.5,29.4,legacy independent-max frozen truth
20260524_19Z_F04,1,6,AREA,3,Polygon,11509.220430565603,11509.220430565603,1.0,0.0,0.0,0.0,0.0,Overforecasted,Overforecasted,-91.3,31.0,-89.8,32.2,legacy independent-max frozen truth
20260524_19Z_F04,2,12,AREA,3,Polygon,15358.15755991731,15358.157559917312,1.0,0.0,0.0,0.0,0.0,Overforecasted,Overforecasted,-110.1,42.2,-107.6,43.0,legacy independent-max frozen truth
20260524_19Z_F04,3,8,AREA,3,Polygon,7570.06697026392,6462.3034809660185,0.8536652986493618,0.1463347013506382,0.0,0.0,0.0,Overforecasted,Overforecasted,-95.4,27.1,-94.5,28.4,legacy independent-max frozen truth
20260524_19Z_F04,4,9,AREA,3,Polygon,26748.358445018464,26748.358445018464,1.0,0.0,0.6988120778071458,0.6988120778071458,0.0,Verified Well,Verified Well,-99.1,31.9,-96.2,33.0,legacy independent-max frozen truth
20260524_19Z_F04,5,11,AREA,3,Polygon,18484.00939316552,18484.009393165514,0.9999999999999996,4.440892098500626e-16,0.0,0.0,0.0,Overforecasted,Overforecasted,-102.1,37.1,-99.1,39.2,legacy independent-max frozen truth
20260524_19Z_F04,6,7,AREA,3,Polygon,9642.16250918737,9300.85096582496,0.9646021789160681,0.03539782108393186,0.0,0.0,0.0,Overforecasted,Overforecasted,-91.7,28.2,-90.5,29.3,legacy independent-max frozen truth
20260524_19Z_F04,7,1,AREA,3,Polygon,21345.81048535649,21345.81048535649,1.0,0.0,0.0,0.0,0.0,Overforecasted,Overforecasted,-80.0,33.4,-77.1,35.3,legacy independent-max frozen truth
20260524_19Z_F04,8,4,AREA,3,Polygon,26693.145446044084,26693.145446044087,1.0,0.0,0.5713308601385887,0.5713308601385887,0.0,Verified Well,Verified Well,-85.4,32.9,-83.0,35.4,legacy independent-max frozen truth
20260524_19Z_F04,9,2,AREA,3,Polygon,26772.10704639733,26772.10704639733,1.0,0.0,0.5799726150500096,0.5799726150500096,0.0,Verified Well,Verified Well,-83.3,36.9,-80.4,38.5,legacy independent-max frozen truth
20260524_19Z_F04,10,5,AREA,3,Polygon,48861.298631440615,48861.29863144062,1.0,0.0,0.48272356139910977,0.48272356139910977,0.0,Verified Close,Verified Close,-85.9,30.4,-83.0,33.3,legacy independent-max frozen truth
20260524_19Z_F04,11,3,AREA,3,Polygon,55745.126691633224,55745.126691633224,1.0,0.0,0.28489398847342745,0.28489398847342745,0.0,Verified Close,Verified Close,-83.1,26.2,-81.4,32.7,legacy independent-max frozen truth
20260524_19Z_F04,12,10,AREA,3,Polygon,47121.79916993212,47121.79916993213,1.0,0.0,0.0,0.0,0.0,Overforecasted,Overforecasted,-101.1,28.7,-97.5,30.8,legacy independent-max frozen truth
20260524_19Z_F06,1,7,AREA,3,Polygon,13422.83592132734,13422.83592132734,1.0,0.0,0.0,0.0,0.0,Overforecasted,Overforecasted,-99.1,28.0,-97.1,29.6,legacy independent-max frozen truth
20260524_19Z_F06,2,6,AREA,3,Polygon,13579.717212810852,13579.717212810849,0.9999999999999997,3.3306690738754696e-16,0.45091251693566897,0.45091251693566914,1.6653345369377348e-16,Verified Close,Verified Close,-96.4,43.7,-94.5,45.3,legacy independent-max frozen truth
20260524_19Z_F06,3,8,AREA,3,Polygon,17653.968685308486,17653.968685308486,1.0,0.0,0.7169109255569839,0.7169109255569839,0.0,Verified Well,Verified Well,-99.4,31.3,-97.6,33.3,legacy independent-max frozen truth
20260524_19Z_F06,4,5,AREA,3,Polygon,9821.541293867253,9821.541293867253,1.0,0.0,0.0,0.0,0.0,Overforecasted,Overforecasted,-90.9,31.2,-89.1,32.6,legacy independent-max frozen truth
20260524_19Z_F06,5,4,AREA,3,Polygon,9576.478264927116,8832.197590652253,0.9222803358724556,0.07771966412754439,0.0,0.0,0.0,Overforecasted,Overforecasted,-90.0,28.2,-88.3,28.9,legacy independent-max frozen truth
20260524_19Z_F06,6,3,AREA,3,Polygon,61967.850282690895,61967.85028269089,0.9999999999999999,1.1102230246251565e-16,0.4870774269777436,0.48707742697774364,5.551115123125783e-17,Verified Close,Verified Close,-83.5,29.4,-81.9,35.3,legacy independent-max frozen truth
20260524_19Z_F06,7,2,AREA,3,Polygon,16986.506922694036,16986.506922694032,0.9999999999999998,2.220446049250313e-16,0.0,0.0,0.0,Overforecasted,Overforecasted,-82.9,26.3,-81.6,29.0,legacy independent-max frozen truth
20260524_19Z_F06,8,1,AREA,3,Polygon,26773.109975879717,26773.109975879717,1.0,0.0,0.672231814818841,0.672231814818841,0.0,Verified Well,Verified Well,-81.5,37.3,-79.4,40.3,legacy independent-max frozen truth
20260524_19Z_F06,9,9,AREA,3,Polygon,13206.898133671953,13206.898133671953,1.0,0.0,0.0,0.0,0.0,Overforecasted,Overforecasted,-101.0,36.3,-99.3,38.1,legacy independent-max frozen truth
20260728_19Z_F04,1,11,AREA,3,Polygon,24416.990915663446,24415.882608632353,0.9999546091885393,4.5390811460710445e-05,0.0,0.0,0.0,Overforecasted,Overforecasted,-110.8,39.3,-108.8,41.4,legacy independent-max frozen truth
20260728_19Z_F04,2,12,AREA,3,Polygon,8216.605238345353,8216.605238345353,1.0,0.0,0.0,0.0,0.0,Overforecasted,Overforecasted,-110.7,44.9,-109.4,46.0,legacy independent-max frozen truth
20260728_19Z_F04,3,13,AREA,3,Polygon,13828.326425579797,13828.326425579797,1.0,0.0,0.0,0.0,0.0,Overforecasted,Overforecasted,-114.3,41.6,-112.7,43.0,legacy independent-max frozen truth
20260728_19Z_F04,4,9,AREA,3,Polygon,325446.6749069042,325388.80679267034,0.9998221886450355,0.00017781135496452993,0.19927433050185256,0.19930977004212141,3.543954026885565e-05,Overforecasted,Overforecasted,-112.6,33.4,-101.0,43.1,legacy independent-max frozen truth
20260728_19Z_F04,5,10,AREA,3,Polygon,40740.6543257991,40740.6543257991,1.0,0.0,0.0,0.0,0.0,Overforecasted,Overforecasted,-108.5,36.9,-106.0,39.4,legacy independent-max frozen truth
20260728_19Z_F04,6,7,AREA,3,Polygon,43470.39087636653,43470.39087636652,0.9999999999999997,3.3306690738754696e-16,0.0,0.0,0.0,Overforecasted,Overforecasted,-93.8,35.5,-90.5,37.5,legacy independent-max frozen truth
20260728_19Z_F04,7,3,AREA,3,Polygon,13725.466535203335,13725.466535203333,0.9999999999999999,1.1102230246251565e-16,0.0,0.0,0.0,Overforecasted,Overforecasted,-80.7,26.3,-79.5,28.2,legacy independent-max frozen truth
20260728_19Z_F04,8,8,AREA,2,Polygon,14792.476449683738,14792.476449683738,1.0,0.0,0.0,0.0,0.0,Overforecasted,Overforecasted,-104.4,40.0,-102.7,41.6,legacy independent-max frozen truth
20260728_19Z_F04,9,4,AREA,3,Polygon,5088.902687903625,5088.902687903625,1.0,0.0,0.0,0.0,0.0,Overforecasted,Overforecasted,-81.4,27.2,-80.5,27.9,legacy independent-max frozen truth
20260728_19Z_F04,10,1,AREA,3,Polygon,240533.5160902508,240532.60810406928,0.9999962251157498,3.7748842501850177e-06,0.31831685245219354,0.3183180540660024,1.201613808843316e-06,Verified Close,Verified Close,-79.1,37.6,-70.8,48.0,legacy independent-max frozen truth
20260728_19Z_F04,11,2,AREA,2,Polygon,24592.763481785223,24592.76348178522,0.9999999999999999,1.1102230246251565e-16,0.5274023349958138,0.5274023349958139,1.1102230246251565e-16,Verified Well,Verified Well,-77.2,37.9,-73.9,40.8,legacy independent-max frozen truth
20260728_19Z_F04,12,5,AREA,3,Polygon,88988.40049835185,88988.40049835187,1.0,0.0,0.3649333422057369,0.3649333422057369,0.0,Verified Close,Verified Close,-84.8,34.6,-78.4,36.5,legacy independent-max frozen truth
20260728_19Z_F04,13,6,AREA,2,Polygon,35505.96268575071,35505.9626857507,0.9999999999999998,2.220446049250313e-16,0.0,0.0,0.0,Overforecasted,Overforecasted,-83.7,34.9,-79.1,36.0,legacy independent-max frozen truth
