event_id,feature,feat_type,coverage_code,verification_category,interior_available_cell_count,valid_cell_count,minimum,median,mean,p75,p90,p95,maximum,current_reported_echo_top_kft,current_small_sample_result_kft,artifact_method
20260324_13Z_F04,1,AREA,3,Overforecasted,809,20,26.246719360351562,32.80839920043945,32.84940958023071,39.370079040527344,39.370079040527344,39.370079040527344,39.370079040527344,39.370079040527344,39.370079040527344,legacy independent temporal-max max_tops/max_refl
20260403_21Z_F04,1,AREA,3,Overforecasted,644,21,26.246719360351562,27.88713836669922,29.624422164190385,30.465879440307617,36.08924102783203,36.08924102783203,36.08924102783203,36.08924102783203,36.08924102783203,legacy independent temporal-max max_tops/max_refl
20260403_21Z_F04,2,AREA,2,Overforecasted,2523,303,25.308399200439453,45.931758880615234,43.79537999118515,49.39468574523926,52.493438720703125,55.77427673339844,59.055118560791016,52.493438720703125,52.493438720703125,legacy independent temporal-max max_tops/max_refl
20260403_21Z_F04,3,AREA,3,Verified Close,1907,265,25.114830017089844,37.214569091796875,38.14964377205327,43.30708694458008,48.61876678466797,49.21260070800781,52.493438720703125,48.61876678466797,48.61876678466797,legacy independent temporal-max max_tops/max_refl
20260403_21Z_F04,4,AREA,3,Verified Well,3566,893,25.01640510559082,36.08924102783203,37.2656095212144,42.650917053222656,45.931758880615234,49.21260070800781,55.77427673339844,45.931758880615234,45.931758880615234,legacy independent temporal-max max_tops/max_refl
20260403_21Z_F04,5,AREA,3,Verified Close,7177,565,25.01640510559082,41.29921340942383,40.9715413591503,49.21260070800781,52.493438720703125,52.493438720703125,59.055118560791016,52.493438720703125,52.493438720703125,legacy independent temporal-max max_tops/max_refl
20260403_21Z_F04,6,AREA,3,Overforecasted,1589,0,,,,,,,,,,legacy independent temporal-max max_tops/max_refl
20260403_21Z_F04,7,LINE,1,Overforecasted,653,26,29.527559280395508,39.340553283691406,40.28126995380108,45.931758880615234,47.61319160461426,48.95997619628906,49.21260070800781,47.613189697265625,47.61319160461426,legacy independent temporal-max max_tops/max_refl
20260524_13Z_F04,1,AREA,3,Verified Close,599,74,25.154199600219727,27.88713836669922,28.636412001944876,29.527559280395508,32.80839920043945,32.80839920043945,34.681758880615234,32.80839920043945,32.80839920043945,legacy independent temporal-max max_tops/max_refl
20260524_13Z_F04,2,AREA,3,Overforecasted,524,9,26.246719360351562,28.799211502075195,28.475503073798286,29.527559280395508,29.833334350585936,29.979003143310546,30.124671936035156,29.83333396911621,29.833334350585936,legacy independent temporal-max max_tops/max_refl
20260524_13Z_F04,3,AREA,3,Overforecasted,1267,89,25.698820114135742,38.277557373046875,39.507874499546006,45.46260070800781,52.493438720703125,55.77427673339844,59.055118560791016,52.493438720703125,52.493438720703125,legacy independent temporal-max max_tops/max_refl
20260524_13Z_F04,4,AREA,3,Overforecasted,852,6,30.124671936035156,34.44882011413574,33.7828098932902,36.08924102783203,36.08924102783203,36.08924102783203,36.08924102783203,36.08924102783203,36.08924102783203,legacy independent temporal-max max_tops/max_refl
20260524_13Z_F04,5,AREA,3,Overforecasted,769,17,26.246719360351562,32.80839920043945,32.83599741318647,36.08924102783203,36.08924102783203,36.08924102783203,36.08924102783203,36.08924102783203,36.08924102783203,legacy independent temporal-max max_tops/max_refl
20260524_13Z_F04,6,AREA,3,Overforecasted,1986,136,31.167980194091797,39.370079040527344,40.590816876467535,42.650917053222656,50.85301971435547,53.60072326660156,62.335960388183594,50.85301971435547,50.85301971435547,legacy independent temporal-max max_tops/max_refl
20260524_19Z_F04,1,AREA,3,Overforecasted,443,0,,,,,,,,,,legacy independent temporal-max max_tops/max_refl
20260524_19Z_F04,2,AREA,3,Overforecasted,683,0,,,,,,,,,,legacy independent temporal-max max_tops/max_refl
20260524_19Z_F04,3,AREA,3,Overforecasted,283,0,,,,,,,,,,legacy independent temporal-max max_tops/max_refl
20260524_19Z_F04,4,AREA,3,Verified Well,1016,191,25.154199600219727,39.370079040527344,39.483843678579284,44.975393295288086,49.21260070800781,49.21260070800781,55.66600799560547,49.21260070800781,49.21260070800781,legacy independent temporal-max max_tops/max_refl
20260524_19Z_F04,5,AREA,3,Overforecasted,785,8,30.620079040527344,38.549869537353516,37.1998028755188,40.19028854370117,42.650917053222656,42.650917053222656,42.650917053222656,42.650917053222656,42.650917053222656,legacy independent temporal-max max_tops/max_refl
20260524_19Z_F04,6,AREA,3,Overforecasted,356,0,,,,,,,,,,legacy independent temporal-max max_tops/max_refl
20260524_19Z_F04,7,AREA,3,Overforecasted,842,0,,,,,,,,,,legacy independent temporal-max max_tops/max_refl
20260524_19Z_F04,8,AREA,3,Verified Well,1038,156,25.974409103393555,31.988189697265625,32.93422793119382,35.105807304382324,39.370079040527344,42.19652271270752,46.400917053222656,39.370079040527344,39.370079040527344,legacy independent temporal-max max_tops/max_refl
20260524_19Z_F04,9,AREA,3,Verified Well,1098,249,25.07546043395996,30.347768783569336,32.262303999628884,34.99671936035156,42.650917053222656,44.07217941284179,55.77427673339844,42.650917053222656,42.650917053222656,legacy independent temporal-max max_tops/max_refl
20260524_19Z_F04,10,AREA,3,Verified Close,1845,303,25.154199600219727,32.80839920043945,34.53501980847651,36.75196838378906,42.650917053222656,45.931758880615234,52.493438720703125,42.650917053222656,42.650917053222656,legacy independent temporal-max max_tops/max_refl
20260524_19Z_F04,11,AREA,3,Verified Close,2064,187,25.01640510559082,36.08924102783203,38.23624192712141,45.931758880615234,49.21260070800781,52.493438720703125,62.335960388183594,49.21260070800781,49.21260070800781,legacy independent temporal-max max_tops/max_refl
20260524_19Z_F04,12,AREA,3,Overforecasted,1773,48,31.167980194091797,41.010498046875,40.8102308511734,42.650917053222656,45.931758880615234,47.5908800125122,49.21260070800781,45.931758880615234,45.931758880615234,legacy independent temporal-max max_tops/max_refl
20260524_19Z_F06,1,AREA,3,Overforecasted,486,0,,,,,,,,,,legacy independent temporal-max max_tops/max_refl
20260524_19Z_F06,2,AREA,3,Verified Close,592,104,28.70734977722168,45.931758880615234,44.3259454873892,49.21260070800781,52.4176513671875,53.567092895507805,55.77427673339844,52.41765213012695,52.4176513671875,legacy independent temporal-max max_tops/max_refl
20260524_19Z_F06,3,AREA,3,Verified Well,676,140,25.154199600219727,35.99737739562988,36.168518447875975,39.370079040527344,42.650917053222656,45.931758880615234,49.21260070800781,42.650917053222656,42.650917053222656,legacy independent temporal-max max_tops/max_refl
20260524_19Z_F06,4,AREA,3,Overforecasted,373,0,,,,,,,,,,legacy independent temporal-max max_tops/max_refl
20260524_19Z_F06,5,AREA,3,Overforecasted,341,9,42.650917053222656,49.21260070800781,48.665791829427086,50.85301971435547,55.77427673339844,55.77427673339844,55.77427673339844,55.77427673339844,55.77427673339844,legacy independent temporal-max max_tops/max_refl
20260524_19Z_F06,6,AREA,3,Verified Close,2377,388,25.01640510559082,31.167980194091797,33.510414315253186,36.5141077041626,42.650917053222656,49.21260070800781,59.055118560791016,42.650917053222656,42.650917053222656,legacy independent temporal-max max_tops/max_refl
20260524_19Z_F06,7,AREA,3,Overforecasted,625,5,32.80839920043945,41.338584899902344,40.68504104614258,42.10301971435547,46.368768310546876,47.79068450927734,49.21260070800781,,,legacy independent temporal-max max_tops/max_refl
20260524_19Z_F06,8,AREA,3,Verified Well,1102,292,25.01640510559082,29.527559280395508,30.522788766312274,32.80839920043945,36.08924102783203,39.370079040527344,45.931758880615234,36.08924102783203,36.08924102783203,legacy independent temporal-max max_tops/max_refl
20260524_19Z_F06,9,AREA,3,Overforecasted,548,0,,,,,,,,,,legacy independent temporal-max max_tops/max_refl
20260728_19Z_F04,1,AREA,3,Overforecasted,1020,3,36.08924102783203,42.650917053222656,40.46369171142578,42.650917053222656,42.650917053222656,42.650917053222656,42.650917053222656,,,legacy independent temporal-max max_tops/max_refl
20260728_19Z_F04,2,AREA,3,Overforecasted,379,0,,,,,,,,,,legacy independent temporal-max max_tops/max_refl
20260728_19Z_F04,3,AREA,3,Overforecasted,608,57,30.347768783569336,39.370079040527344,38.66222311321058,42.650917053222656,43.963253784179685,45.931758880615234,45.931758880615234,43.963253021240234,43.963253784179685,legacy independent temporal-max max_tops/max_refl
20260728_19Z_F04,4,AREA,3,Overforecasted,13298,1072,26.246719360351562,49.21260070800781,48.95093354360381,55.77427673339844,59.055118560791016,62.335960388183594,62.335960388183594,59.055118560791016,59.055118560791016,legacy independent temporal-max max_tops/max_refl
20260728_19Z_F04,5,AREA,3,Overforecasted,1680,35,25.426509857177734,39.370079040527344,39.187570626395086,44.70144462585449,45.931758880615234,45.931758880615234,47.0242805480957,45.931758880615234,45.931758880615234,legacy independent temporal-max max_tops/max_refl
20260728_19Z_F04,6,AREA,3,Overforecasted,1752,2,30.935039520263672,35.15255928039551,35.15255928039551,37.261319160461426,38.52657508850098,38.94832706451416,39.370079040527344,,,legacy independent temporal-max max_tops/max_refl
20260728_19Z_F04,7,AREA,3,Overforecasted,506,1,42.650917053222656,42.650917053222656,42.650917053222656,42.650917053222656,42.650917053222656,42.650917053222656,42.650917053222656,,,legacy independent temporal-max max_tops/max_refl
20260728_19Z_F04,8,AREA,2,Overforecasted,625,90,34.99671936035156,53.641733169555664,53.28889702690972,59.055118560791016,62.335960388183594,62.335960388183594,62.335960388183594,62.335960388183594,62.335960388183594,legacy independent temporal-max max_tops/max_refl
20260728_19Z_F04,9,AREA,3,Overforecasted,185,0,,,,,,,,,,legacy independent temporal-max max_tops/max_refl
20260728_19Z_F04,10,AREA,3,Verified Close,10733,1307,25.01640510559082,34.44881820678711,35.183285629284136,39.757219314575195,45.931758880615234,49.21260070800781,56.47637939453125,45.931758880615234,45.931758880615234,legacy independent temporal-max max_tops/max_refl
20260728_19Z_F04,11,AREA,2,Verified Well,1033,324,26.246719360351562,41.291011810302734,40.75865400573354,45.931758880615234,49.21260070800781,49.21260070800781,55.77427673339844,49.21260070800781,49.21260070800781,legacy independent temporal-max max_tops/max_refl
20260728_19Z_F04,12,AREA,3,Verified Close,3517,428,26.246719360351562,45.931758880615234,45.92925994641313,52.493438720703125,55.77427673339844,59.055118560791016,62.335960388183594,55.77427673339844,55.77427673339844,legacy independent temporal-max max_tops/max_refl
20260728_19Z_F04,13,AREA,2,Overforecasted,1409,263,29.527559280395508,45.931758880615234,45.549235420082006,49.486549377441406,52.493438720703125,55.77427673339844,62.335960388183594,52.493438720703125,52.493438720703125,legacy independent temporal-max max_tops/max_refl
