event_id,truth_class,component_id,area_km2,preclip_area_km2,domain_status,retained_at_15000,centroid_lon,centroid_lat,min_lon,min_lat,max_lon,max_lat,artifact_method
20260403_21Z_F04,Sparse,1,0.0,8574.35964629595,outside,False,-99.98483692314713,24.284016393445988,-100.42000084513805,23.720000000003274,-99.57000086942773,24.870000000003458,legacy independent-max frozen truth
20260403_21Z_F04,Sparse,2,0.0,5084.689075590475,outside,False,-101.85537314454625,28.812819148940235,-102.22000079370108,28.42000000000401,-101.47000081513315,29.220000000004134,legacy independent-max frozen truth
20260403_21Z_F04,Sparse,3,8946.732255560984,8946.732255560984,inside,False,-99.04471018676405,32.665203488376534,-99.57000086942773,32.12000000000455,-98.47000090086144,33.170000000004336,legacy independent-max frozen truth
20260403_21Z_F04,Sparse,4,16117.226495269877,16117.226495269877,inside,True,-98.53575325007968,35.18708463950239,-99.47000087228534,34.520000000004075,-97.67000092372231,35.920000000003796,legacy independent-max frozen truth
20260403_21Z_F04,Sparse,5,83208.29175778075,83208.29175778075,inside,True,-94.43087551940722,40.190201590008655,-96.32000096230004,36.020000000003776,-92.6700010666028,43.420000000002304,legacy independent-max frozen truth
20260403_21Z_F04,Sparse,6,1293.0631195683873,1293.063119568387,inside,False,-93.09900105434367,33.140000000004356,-93.37000104659953,33.02000000000437,-92.82000106231638,33.270000000004316,legacy independent-max frozen truth
20260403_21Z_F04,Sparse,7,7722.842939553536,7722.842939553538,inside,False,-93.27861928282913,44.74371794872,-93.82000103374028,44.27000000000213,-92.72000106517399,45.220000000001946,legacy independent-max frozen truth
20260403_21Z_F04,Sparse,8,34906.158425970585,34906.158425970614,inside,True,-89.18564073978979,41.289870086611636,-90.27000113518542,40.02000000000298,-87.97000120091045,42.870000000002406,legacy independent-max frozen truth
20260403_21Z_F04,Sparse,9,43771.96720001825,43771.96720001828,inside,True,-90.57172570499964,43.758771078183095,-92.77000106374518,42.770000000002426,-88.02000119948164,44.77000000000203,legacy independent-max frozen truth
20260403_21Z_F04,Sparse,10,455.5597170118319,455.5597170118319,inside,False,-85.85552757712333,39.19500000000314,-85.97000125806264,39.07000000000316,-85.72000126520666,39.32000000000312,legacy independent-max frozen truth
20260403_21Z_F04,Sparse,11,6990.516030913971,6990.51603091397,inside,False,-85.25670696406459,40.94148829431716,-85.82000126234905,40.470000000002884,-84.72000129378276,41.370000000002705,legacy independent-max frozen truth
20260403_21Z_F04,Sparse,12,9420.31116151638,9420.311161516382,inside,False,-84.37146369928571,31.81784122563123,-84.87000128949634,31.320000000004462,-83.77000132093005,32.470000000004475,legacy independent-max frozen truth
20260403_21Z_F04,Sparse,13,2008.748301643226,2008.7483016432263,inside,False,-83.19694938925367,32.374220779225276,-83.42000133093168,32.12000000000455,-82.97000134379093,32.670000000004435,legacy independent-max frozen truth
20260403_21Z_F04,Sparse,14,15511.360025065094,15511.36002506509,inside,True,-82.15296798322352,40.46632018209696,-83.2700013352181,40.02000000000298,-81.07000139808551,40.970000000002784,legacy independent-max frozen truth
20260403_21Z_F04,Sparse,15,1912.1788870057158,1912.178887005716,inside,False,-83.80179144347842,40.30302469136095,-84.270001306642,40.12000000000296,-83.47000132950288,40.470000000002884,legacy independent-max frozen truth
20260403_21Z_F04,Medium,1,2080.8924340304675,2080.892434030467,inside,False,-99.09437588301921,32.678750000004435,-99.37000087514295,32.42000000000449,-98.7700008922886,32.870000000004396,legacy independent-max frozen truth
20260403_21Z_F04,Medium,2,4968.312539830636,4968.31253983064,inside,False,-98.34322425473802,35.3249492385826,-98.8200008908598,34.920000000003995,-97.8700009180071,35.720000000003836,legacy independent-max frozen truth
20260403_21Z_F04,Medium,3,4329.188023646845,4329.188023646845,inside,False,-95.65969024670582,37.73680790960795,-95.97000097230168,37.22000000000354,-95.37000098944733,38.22000000000334,legacy independent-max frozen truth
20260403_21Z_F04,Medium,4,1740.510206940058,1740.5102069400582,inside,False,-95.2552749653285,39.59842465753731,-95.52000098516092,39.32000000000312,-94.92000100230658,39.82000000000302,legacy independent-max frozen truth
20260403_21Z_F04,Medium,5,30651.512944817474,30651.512944817478,inside,True,-93.67654820765091,41.63564150943662,-94.42000101659463,39.72000000000304,-92.82000106231638,43.220000000002344,legacy independent-max frozen truth
20260403_21Z_F04,Medium,6,11097.277117670305,11097.277117670312,inside,False,-91.82212659690461,43.51099190283629,-92.5700010694604,42.9200000000024,-91.02000111375335,44.020000000002184,legacy independent-max frozen truth
20260403_21Z_F04,Medium,7,1561.5463125875287,1561.5463125875287,inside,False,-93.25626865548332,44.76683098591753,-93.47000104374192,44.47000000000209,-93.07000105517236,45.07000000000197,legacy independent-max frozen truth
20260403_21Z_F04,Medium,8,7799.761190504656,7799.761190504658,inside,False,-89.49831441024928,40.61186746988236,-90.12000113947184,40.17000000000294,-88.87000117519196,41.070000000002764,legacy independent-max frozen truth
20260403_21Z_F04,Medium,9,7944.319546892428,7944.319546892427,inside,False,-89.95592551390837,44.07063025210302,-90.67000112375499,43.57000000000227,-89.37000116090391,44.620000000002065,legacy independent-max frozen truth
20260403_21Z_F04,Medium,10,1102.7514530263363,1102.751453026336,inside,False,-84.48309653864781,31.759285714290247,-84.67000129521156,31.62000000000451,-84.270001306642,31.920000000004556,legacy independent-max frozen truth
20260403_21Z_F04,Medium,11,699.1707254335967,699.1707254335965,inside,False,-88.6116678492408,41.188333333336075,-88.87000117519196,41.070000000002764,-88.37000118948,41.270000000002725,legacy independent-max frozen truth
20260403_21Z_F04,Medium,12,5122.709622037493,5122.709622037494,inside,False,-89.27728815906903,42.096569506729026,-89.72000115090228,41.670000000002645,-88.77000117804957,42.52000000000248,legacy independent-max frozen truth
20260403_21Z_F04,Medium,13,469.69167765401795,469.6916776540181,inside,False,-88.41642975958185,43.764047619049855,-88.52000118519359,43.620000000002264,-88.32000119090881,43.920000000002204,legacy independent-max frozen truth
20260524_13Z_F04,Sparse,1,0.0,16484.869107453138,outside,False,-95.74534053729546,24.85875212224454,-96.7200009508696,24.270000000003364,-94.87000100373538,25.42000000000354,legacy independent-max frozen truth
20260524_13Z_F04,Sparse,2,4504.961734434065,9930.166024342328,crossing,False,-94.54129222191982,27.874120879124806,-95.12000099659136,27.37000000000385,-93.92000103088267,28.42000000000401,legacy independent-max frozen truth
20260524_13Z_F04,Sparse,3,9676.608676973648,9774.518144161959,crossing,False,-91.80428086973512,28.695138504159193,-92.6200010680316,28.220000000003978,-90.97000111518216,29.220000000004134,legacy independent-max frozen truth
20260524_13Z_F04,Sparse,4,19697.69880307245,19697.698803072442,inside,True,-86.85636785559842,33.08915243101618,-87.67000120948327,32.22000000000453,-85.82000126234905,33.920000000004194,legacy independent-max frozen truth
20260524_13Z_F04,Sparse,5,19102.17383127363,19102.17383127362,inside,True,-85.59690916346096,35.59723684210912,-86.320001248061,34.67000000000404,-84.92000128806754,36.67000000000364,legacy independent-max frozen truth
20260524_13Z_F04,Sparse,6,2685.9011887618717,2685.9011887618717,inside,False,-84.89270771086585,37.17298165137969,-85.17000128092351,36.8700000000036,-84.62000129664037,37.47000000000348,legacy independent-max frozen truth
20260524_13Z_F04,Sparse,7,2199.434682276108,2199.4346822761067,inside,False,-85.27222350022464,37.79444444444788,-85.62000126806427,37.4200000000035,-84.82000129092515,38.02000000000338,legacy independent-max frozen truth
20260524_13Z_F04,Sparse,8,14250.959416633534,14250.95941663354,inside,False,-84.76262034018391,43.06531746031985,-85.3200012766371,42.22000000000254,-84.12000131092842,44.020000000002184,legacy independent-max frozen truth
20260524_13Z_F04,Sparse,9,8055.860184982432,8055.860184982432,inside,False,-82.72672892549355,29.905797342196937,-83.2200013366469,29.420000000004165,-82.220001365223,30.420000000004322,legacy independent-max frozen truth
20260524_13Z_F04,Sparse,10,2855.974457922889,2855.9744579228886,inside,False,-83.94542504473067,38.51237288135921,-84.2200013080708,38.22000000000334,-83.67000132378766,38.82000000000322,legacy independent-max frozen truth
20260524_13Z_F04,Sparse,11,1153.6816556929832,1153.681655692983,inside,False,-82.64083468653057,39.02208333333651,-82.82000134807734,38.77000000000322,-82.42000135950778,39.27000000000312,legacy independent-max frozen truth
20260524_13Z_F04,Sparse,12,4484.465794952022,4484.465794952025,inside,False,-80.35313394869128,28.940783132534214,-80.67000140951595,28.520000000004025,-80.02000142809041,29.32000000000415,legacy independent-max frozen truth
20260524_13Z_F04,Sparse,13,24829.59393562616,24829.593935626137,inside,True,-80.19641503561466,32.687879581156224,-81.1200013966567,31.520000000004494,-79.17000145238009,33.620000000004254,legacy independent-max frozen truth
20260524_13Z_F04,Sparse,14,7312.043416004934,7312.043416004934,inside,False,-76.53815942232471,33.876403508776136,-77.0200015138187,33.32000000000431,-76.07000154096599,34.420000000004094,legacy independent-max frozen truth
20260524_13Z_F04,Sparse,15,16381.28370919836,16381.283709198358,inside,True,-76.24977076659809,35.37792307692696,-77.27000150667467,34.67000000000404,-75.22000156525567,36.120000000003756,legacy independent-max frozen truth
20260524_13Z_F04,Medium,1,0.0,673.2762039330627,outside,False,-96.13041763438429,24.57416666667008,-96.32000096230004,24.470000000003395,-95.92000097373048,24.670000000003427,legacy independent-max frozen truth
20260524_13Z_F04,Medium,2,0.0,28.04575421552723,outside,False,-95.84500097587367,24.595000000003413,-95.87000097515929,24.57000000000341,-95.82000097658809,24.620000000003415,legacy independent-max frozen truth
20260524_13Z_F04,Medium,3,170.95473973076358,1718.774594867833,crossing,False,-94.41404863581235,27.83388888889281,-94.6700010094506,27.670000000003895,-94.17000102373865,28.020000000003947,legacy independent-max frozen truth
20260524_13Z_F04,Medium,4,8958.154119594408,8958.154119594408,inside,False,-86.91754458358669,33.064075144513026,-87.4700012151985,32.52000000000447,-86.3700012466322,33.620000000004254,legacy independent-max frozen truth
20260524_13Z_F04,Medium,5,7911.084767452296,7911.084767452294,inside,False,-85.6733452155845,35.40742038216952,-86.12000125377622,34.820000000004015,-85.22000127949471,35.97000000000378,legacy independent-max frozen truth
20260524_13Z_F04,Medium,6,6002.619285559041,6002.6192855590425,inside,False,-84.71103902988797,42.98537735849294,-85.12000128235232,42.4200000000025,-84.3200013052132,43.620000000002264,legacy independent-max frozen truth
20260524_13Z_F04,Medium,7,1954.4678789246004,1954.4678789246013,inside,False,-82.77445340417343,29.868972602743963,-82.97000134379093,29.570000000004192,-82.57000135522136,30.170000000004286,legacy independent-max frozen truth
20260524_13Z_F04,Medium,8,6788.880561620154,6788.880561620154,inside,False,-80.42668080578213,32.998053435118884,-80.97000140094312,32.52000000000447,-79.92000143094802,33.42000000000429,legacy independent-max frozen truth
20260524_13Z_F04,Medium,9,1609.2699485916387,1609.2699485916391,inside,False,-75.97156404377895,35.495781250003866,-76.32000153382197,35.3700000000039,-75.57000155525404,35.67000000000384,legacy independent-max frozen truth
20260524_19Z_F04,Sparse,1,0.0,15973.255002795853,outside,False,-99.49289929544891,24.910061295975453,-100.12000085371088,24.070000000003333,-98.870000889431,25.7700000000036,legacy independent-max frozen truth
20260524_19Z_F04,Sparse,2,1862.785505813419,1862.7855058134187,inside,False,-110.69993012884258,31.854154929581977,-110.87000054651784,31.420000000004478,-110.57000055509067,32.22000000000453,legacy independent-max frozen truth
20260524_19Z_F04,Sparse,3,0.0,11563.209351150927,outside,False,-101.66636905276486,50.97717905405482,-102.32000079084347,50.22000000000095,-101.02000082799239,51.770000000000636,legacy independent-max frozen truth
20260524_19Z_F04,Sparse,4,0.0,1726.9934908430635,outside,False,-101.57467114181244,52.29335164835221,-101.9200008022739,52.070000000000576,-101.27000082084837,52.570000000000476,legacy independent-max frozen truth
20260524_19Z_F04,Sparse,5,26.72745745470676,26.727457454706755,inside,False,-99.34500087585735,30.04500000000427,-99.37000087514295,30.02000000000426,-99.32000087657175,30.07000000000427,legacy independent-max frozen truth
20260524_19Z_F04,Sparse,6,23696.41584020182,23696.415840201822,inside,True,-97.57505587149039,32.5439560439605,-98.52000089943263,31.82000000000454,-96.52000095658482,33.42000000000429,legacy independent-max frozen truth
20260524_19Z_F04,Sparse,7,5564.939977247465,5564.939977247464,inside,False,-97.56908999543184,43.31787449392942,-98.02000091372068,42.9200000000024,-97.12000093943917,43.720000000002244,legacy independent-max frozen truth
20260524_19Z_F04,Sparse,8,3475.195704684412,3475.1957046844113,inside,False,-88.95856706413393,29.235697674422738,-89.32000116233272,28.870000000004083,-88.67000118090718,29.570000000004192,legacy independent-max frozen truth
20260524_19Z_F04,Sparse,9,19159.053334176206,19159.053334176202,inside,True,-95.13065767831449,44.552142857144894,-96.37000096087124,43.720000000002244,-93.97000102945387,45.37000000000191,legacy independent-max frozen truth
20260524_19Z_F04,Sparse,10,2247.1129614870742,2247.1129614870733,inside,False,-91.01690587574657,46.323095238096954,-91.22000110803813,45.97000000000179,-90.82000111946857,46.67000000000165,legacy independent-max frozen truth
20260524_19Z_F04,Sparse,11,323.62191115092406,323.62191115092406,inside,False,-88.57000118376479,29.120000000004122,-88.62000118233598,28.9700000000041,-88.52000118519359,29.270000000004146,legacy independent-max frozen truth
20260524_19Z_F04,Sparse,12,19300.17414526146,19300.174145261473,inside,True,-85.19816932419567,30.57867768595476,-85.97000125806264,29.770000000004224,-84.37000130378439,31.420000000004478,legacy independent-max frozen truth
20260524_19Z_F04,Sparse,13,756.4740499748866,756.4740499748865,inside,False,-85.38120817143978,32.40706896552173,-85.57000126949308,32.270000000004515,-85.17000128092351,32.52000000000447,legacy independent-max frozen truth
20260524_19Z_F04,Sparse,14,25472.213489321395,25472.213489321402,inside,True,-84.43204018536149,34.73722333001398,-85.2700012780659,33.720000000004234,-83.52000132807407,36.07000000000376,legacy independent-max frozen truth
20260524_19Z_F04,Sparse,15,38206.270257137134,38206.276448709126,crossing,True,-83.07051433681467,32.21846101231633,-84.62000129664037,31.370000000004474,-81.52000138522627,33.22000000000433,legacy independent-max frozen truth
20260524_19Z_F04,Sparse,16,34219.77403440063,34219.77403440063,inside,True,-81.91789121648851,37.66946351931676,-83.12000133950451,35.920000000003796,-80.82000140522953,39.27000000000312,legacy independent-max frozen truth
20260524_19Z_F04,Sparse,17,20395.973669855277,20395.973669855266,inside,True,-82.53395638270642,29.059550264554353,-83.12000133950451,27.7200000000039,-81.92000137379583,30.520000000004337,legacy independent-max frozen truth
20260524_19Z_F04,Sparse,18,4979.979809033116,4979.979809033116,inside,False,-82.30299105357311,33.8207731958805,-82.67000135236376,33.370000000004296,-81.77000137808224,34.320000000004114,legacy independent-max frozen truth
20260524_19Z_F04,Sparse,19,3784.854126736451,3784.85412673645,inside,False,-76.93241648230793,33.60554421769134,-77.32000150524587,33.270000000004316,-76.52000152810675,33.8700000000042,legacy independent-max frozen truth
20260524_19Z_F04,Sparse,20,1858.0275463171138,1858.0275463171138,inside,False,-77.23959610213812,35.67608108108492,-77.47000150095946,35.47000000000388,-76.9700015152475,35.920000000003796,legacy independent-max frozen truth
20260524_19Z_F04,Sparse,21,25.090382668904155,25.090382668904155,inside,False,-76.69500152310593,35.745000000003834,-76.72000152239153,35.720000000003836,-76.67000152382033,35.77000000000382,legacy independent-max frozen truth
20260524_19Z_F04,Sparse,22,696.2196288900634,696.2196288900635,inside,False,-79.56051868259993,39.08637931034798,-79.82000143380563,38.97000000000318,-79.37000144666487,39.27000000000312,legacy independent-max frozen truth
20260524_19Z_F04,Sparse,23,1011.2517893865844,1011.2517893865844,inside,False,-80.50430373983232,40.540348837212164,-80.72000140808714,40.370000000002904,-80.32000141951758,40.770000000002824,legacy independent-max frozen truth
20260524_19Z_F04,Medium,1,0.0,6432.4974289454685,outside,False,-99.51500087099946,24.94934782609044,-99.97000085799729,24.37000000000338,-99.07000088371578,25.47000000000355,legacy independent-max frozen truth
20260524_19Z_F04,Medium,2,9736.02437960734,9736.024379607336,inside,False,-97.61385119270652,32.57347593583334,-98.37000090371905,32.12000000000455,-96.92000094515438,33.12000000000435,legacy independent-max frozen truth
20260524_19Z_F04,Medium,3,0.0,5162.521335124633,outside,False,-101.65996293091693,50.92492424242506,-102.12000079655868,50.42000000000091,-101.17000082370598,51.370000000000715,legacy independent-max frozen truth
20260524_19Z_F04,Medium,4,8454.948729473355,8454.948729473355,inside,False,-85.1461019105373,30.567327044029515,-85.62000126806427,29.920000000004244,-84.62000129664037,31.220000000004447,legacy independent-max frozen truth
20260524_19Z_F04,Medium,5,5368.072999580947,5368.072999580952,inside,False,-94.76959117053913,44.752581967215136,-95.37000098944733,44.320000000002125,-94.22000102230984,45.120000000001966,legacy independent-max frozen truth
20260524_19Z_F04,Medium,6,7605.619361074856,7605.619361074853,inside,False,-84.29533687638784,34.3233557047021,-84.82000129092515,33.920000000004194,-83.72000132235885,34.77000000000402,legacy independent-max frozen truth
20260524_19Z_F04,Medium,7,2086.980940352069,2086.9809403520685,inside,False,-84.67210972888626,35.567891566268926,-84.87000128949634,35.27000000000392,-84.47000130092678,35.920000000003796,legacy independent-max frozen truth
20260524_19Z_F04,Medium,8,1705.7652819844113,1705.765281984411,inside,False,-82.36008072629944,28.711666666670723,-82.57000135522136,28.47000000000402,-82.12000136808061,28.920000000004087,legacy independent-max frozen truth
20260524_19Z_F04,Medium,9,828.763597695652,828.7635976956522,inside,False,-82.71758199616538,30.014354838713935,-82.82000134807734,29.820000000004228,-82.62000135379256,30.22000000000429,legacy independent-max frozen truth
20260524_19Z_F04,Medium,10,23660.524193461617,23660.524193461613,inside,True,-83.09577482085977,32.17908839779452,-84.37000130378439,31.520000000004494,-81.82000137665344,32.870000000004396,legacy independent-max frozen truth
20260524_19Z_F04,Medium,11,14926.756756917252,14926.756756917248,inside,False,-81.76578697558404,37.82159574468428,-82.37000136093658,36.82000000000362,-81.07000139808551,38.8700000000032,legacy independent-max frozen truth
20260524_19Z_F06,Sparse,1,0.0,20018.753012611494,outside,False,-98.68827820554827,24.629243697482412,-99.77000086371251,24.02000000000332,-97.7700009208647,25.320000000003525,legacy independent-max frozen truth
20260524_19Z_F06,Sparse,2,25147.16922582919,25147.16922582918,inside,True,-98.04494904578769,32.383848547722245,-98.97000088657339,31.570000000004505,-96.87000094658319,33.270000000004316,legacy independent-max frozen truth
20260524_19Z_F06,Sparse,3,0.0,9815.83932791586,outside,False,-100.2833242023371,50.83332335329425,-100.9700008294212,50.070000000000974,-99.57000086942773,51.62000000000067,legacy independent-max frozen truth
20260524_19Z_F06,Sparse,4,22592.00533722741,22592.005337227423,inside,True,-96.63366894538433,43.51582504970408,-97.8200009194359,42.4200000000025,-95.32000099087614,44.47000000000209,legacy independent-max frozen truth
20260524_19Z_F06,Sparse,5,18043.62582095215,18043.62582095215,inside,True,-93.86794581764623,44.37628834356038,-94.87000100373538,43.67000000000225,-92.87000106088757,45.020000000001986,legacy independent-max frozen truth
20260524_19Z_F06,Sparse,6,23112.2532517163,23112.253251716305,inside,True,-85.05442657158255,30.651609195406675,-86.07000125520503,29.770000000004224,-83.97000131521483,31.370000000004474,legacy independent-max frozen truth
20260524_19Z_F06,Sparse,7,51656.714782866264,51656.714782866205,inside,True,-82.97672445116862,33.62707171315167,-84.82000129092515,31.82000000000454,-81.72000137951105,35.3700000000039,legacy independent-max frozen truth
20260524_19Z_F06,Sparse,8,11326.847264930979,11326.84726493098,inside,False,-82.54238852940716,29.365902612830762,-83.12000133950451,28.770000000004067,-81.97000137236702,29.970000000004255,legacy independent-max frozen truth
20260524_19Z_F06,Sparse,9,26162.766841550732,26162.76684155073,inside,True,-80.82048977730847,38.10397674418939,-81.72000137951105,36.77000000000362,-79.97000142951921,39.3700000000031,legacy independent-max frozen truth
20260524_19Z_F06,Medium,1,0.0,7119.797503468097,outside,False,-98.45130011399424,24.6621259842554,-98.92000088800219,24.220000000003353,-97.97000091514948,25.120000000003493,legacy independent-max frozen truth
20260524_19Z_F06,Medium,2,14003.79145754702,14003.791457547017,inside,False,-98.10347390947322,32.413994413412304,-98.8200008908598,31.770000000004536,-97.27000093515275,33.12000000000435,legacy independent-max frozen truth
20260524_19Z_F06,Medium,3,0.0,1938.7098828376395,outside,False,-100.28894024282266,50.85813131313213,-100.72000083656522,50.570000000000874,-99.9200008594261,51.170000000000755,legacy independent-max frozen truth
20260524_19Z_F06,Medium,4,2889.9936214403774,2889.9936214403783,inside,False,-97.11492281458425,43.18718750000235,-97.47000092943753,42.82000000000242,-96.7700009494408,43.520000000002284,legacy independent-max frozen truth
20260524_19Z_F06,Medium,5,4107.103711925164,4107.103711925165,inside,False,-96.10369662065504,43.88086956521959,-96.62000095372721,43.57000000000227,-95.6700009808745,44.27000000000213,legacy independent-max frozen truth
20260524_19Z_F06,Medium,6,9639.669115251061,9639.66911525106,inside,False,-93.82925390703905,44.32936781609407,-94.6200010108794,43.820000000002224,-93.12000105374355,44.77000000000203,legacy independent-max frozen truth
20260524_19Z_F06,Medium,7,8375.897473653007,8375.897473653007,inside,False,-85.03833461801936,30.559285714290056,-85.62000126806427,30.02000000000426,-84.42000130235559,31.020000000004416,legacy independent-max frozen truth
20260524_19Z_F06,Medium,8,21987.26901972616,21987.269019726165,inside,True,-82.75594252637842,33.14464705882786,-83.57000132664527,32.020000000004565,-82.12000136808061,34.57000000000406,legacy independent-max frozen truth
20260524_19Z_F06,Medium,9,25.50130455944384,25.50130455944384,inside,False,-84.145001310214,34.395000000004096,-84.17000130949961,34.3700000000041,-84.12000131092842,34.420000000004094,legacy independent-max frozen truth
20260524_19Z_F06,Medium,10,4923.696455496533,4923.696455496533,inside,False,-82.51412703987813,29.366038251370288,-82.87000134664854,28.920000000004087,-82.1700013666518,29.770000000004224,legacy independent-max frozen truth
20260524_19Z_F06,Medium,11,14885.572976850639,14885.572976850639,inside,False,-80.76428245257341,38.148186274513144,-81.47000138665507,37.22000000000354,-80.170001423804,39.17000000000314,legacy independent-max frozen truth
20260728_19Z_F04,Sparse,1,11017.492917523392,11017.492917523396,inside,False,-112.59207914899297,36.803202247194605,-113.3700004750776,36.27000000000372,-111.72000052222816,37.3700000000035,legacy independent-max frozen truth
20260728_19Z_F04,Sparse,2,3864.379168598807,3864.379168598807,inside,False,-113.3878998828501,42.391449704144506,-113.77000046364716,42.02000000000258,-112.97000048650804,42.72000000000244,legacy independent-max frozen truth
20260728_19Z_F04,Sparse,3,0.0,15590.9284509767,outside,False,-116.9466377997718,54.04570175438613,-118.02000034219876,52.920000000000414,-115.92000040220856,55.019999999999996,legacy independent-max frozen truth
20260728_19Z_F04,Sparse,4,0.0,3349.4284520249616,outside,False,-123.835983782558,53.8720491803281,-124.27000016359816,53.520000000000294,-123.37000018931664,54.220000000000155,legacy independent-max frozen truth
20260728_19Z_F04,Sparse,5,0.0,73.56106217105679,outside,False,-115.12000042506942,53.67000000000027,-115.17000042364063,53.620000000000275,-115.07000042649824,53.720000000000255,legacy independent-max frozen truth
20260728_19Z_F04,Sparse,6,2255.5013490827578,2255.501349082758,inside,False,-108.32890866510935,32.95189655172853,-108.57000061224286,32.670000000004435,-108.07000062653091,33.22000000000433,legacy independent-max frozen truth
20260728_19Z_F04,Sparse,7,45841.328229367806,45841.32822936776,inside,True,-107.82921843330084,34.92255666114271,-109.82000057652274,33.920000000004194,-105.92000068796952,36.220000000003736,legacy independent-max frozen truth
20260728_19Z_F04,Sparse,8,784.1035016188922,784.1035016188923,inside,False,-111.97312551499482,37.59187500000346,-112.17000050936892,37.47000000000348,-111.77000052079936,37.72000000000344,legacy independent-max frozen truth
20260728_19Z_F04,Sparse,9,0.0,1608.851051491524,outside,False,-107.85000063281764,29.715000000004217,-108.1700006236733,29.420000000004165,-107.62000063939016,29.970000000004255,legacy independent-max frozen truth
20260728_19Z_F04,Sparse,10,2104.0565820800007,2104.056582080001,inside,False,-105.18488166135731,35.88785714286095,-105.47000070082876,35.620000000003856,-104.92000071654562,36.120000000003756,legacy independent-max frozen truth
20260728_19Z_F04,Sparse,11,1473.8769762266652,1473.8769762266654,inside,False,-105.89750068861255,37.410000000003514,-106.02000068511191,37.07000000000356,-105.77000069225593,37.72000000000344,legacy independent-max frozen truth
20260728_19Z_F04,Sparse,12,24902.59463417679,24902.594634176785,inside,True,-104.58856797747875,38.30732943470118,-105.72000069368474,37.17000000000354,-103.37000076083856,39.32000000000312,legacy independent-max frozen truth
20260728_19Z_F04,Sparse,13,11697.836214189765,11697.83621418977,inside,False,-103.38437323006347,40.06757085020539,-103.9700007436929,39.4200000000031,-102.77000077798422,40.770000000002824,legacy independent-max frozen truth
20260728_19Z_F04,Sparse,14,9104.996077858214,9119.142010910049,crossing,False,-104.41178644535415,45.513571428573314,-105.1200007108304,44.97000000000199,-103.72000075083693,46.02000000000179,legacy independent-max frozen truth
20260728_19Z_F04,Sparse,15,32876.70815034861,32876.70815034861,inside,True,-82.7244738278714,35.59469418960632,-84.42000130235559,34.97000000000398,-80.77000140665834,36.27000000000372,legacy independent-max frozen truth
20260728_19Z_F04,Sparse,16,3937.203604039075,3937.203604039076,inside,False,-79.58076093431308,36.313354430383455,-79.97000142951921,35.97000000000378,-79.22000145095129,36.62000000000366,legacy independent-max frozen truth
20260728_19Z_F04,Sparse,17,5525.335163323159,5525.335163323159,inside,False,-79.50189799461995,39.679698275865086,-79.92000143094802,39.22000000000314,-79.0200014566665,40.07000000000296,legacy independent-max frozen truth
20260728_19Z_F04,Sparse,18,7029.529623627503,7029.5296236275035,inside,False,-102.63245952778922,41.45226072607532,-103.17000076655378,41.02000000000278,-102.12000079655868,41.9200000000026,legacy independent-max frozen truth
20260728_19Z_F04,Sparse,19,75190.08790875839,75190.83080799703,crossing,True,-76.0421638753062,39.58011414077664,-78.67000146666814,36.8700000000036,-73.9200016024046,42.22000000000254,legacy independent-max frozen truth
20260728_19Z_F04,Sparse,20,3495.9366352569364,3495.9366352569364,inside,False,-77.41023329074689,41.58970198675764,-77.77000149238663,41.22000000000274,-76.92000151667631,41.9200000000026,legacy independent-max frozen truth
20260728_19Z_F04,Sparse,21,9219.068545964948,9219.068545964947,inside,False,-72.76409030538673,42.82504926108614,-73.62000161097743,42.32000000000252,-71.8700016609856,43.27000000000233,legacy independent-max frozen truth
20260728_19Z_F04,Sparse,22,20857.43127410247,20857.431274102477,inside,True,-73.11608970827884,45.76551813471691,-73.9200016024046,44.67000000000205,-71.8200016624144,46.72000000000165,legacy independent-max frozen truth
20260728_19Z_F04,Sparse,23,88.19521346332795,88.19521346332795,inside,False,-71.57000166955842,44.62000000000206,-71.62000166812962,44.57000000000207,-71.52000167098723,44.67000000000205,legacy independent-max frozen truth
20260728_19Z_F04,Sparse,24,7809.695929978907,9445.34141914191,crossing,False,-71.53106361757378,47.61092920354127,-72.32000164812635,46.92000000000161,-70.7700016924193,48.32000000000133,legacy independent-max frozen truth
20260728_19Z_F04,Sparse,25,0.0,14232.559402445924,outside,False,-69.4467378413441,50.41013888888977,-70.97000168670408,49.57000000000107,-68.02000177100356,51.170000000000755,legacy independent-max frozen truth
20260728_19Z_F04,Medium,1,2618.263868380456,2618.263868380458,inside,False,-109.14985496460494,34.665388349518594,-109.42000058795318,34.320000000004114,-108.82000060509884,35.020000000003975,legacy independent-max frozen truth
20260728_19Z_F04,Medium,2,74.09204396810931,74.09204396810931,inside,False,-112.3950005029393,36.99500000000358,-112.47000050079609,36.97000000000358,-112.3200005050825,37.02000000000358,legacy independent-max frozen truth
20260728_19Z_F04,Medium,3,0.0,2286.5051220680602,outside,False,-116.55709715819634,53.55870967741961,-116.92000037363246,53.17000000000036,-116.22000039363573,53.87000000000022,legacy independent-max frozen truth
20260728_19Z_F04,Medium,4,0.0,3087.630381993439,outside,False,-117.44209338196889,54.699360465116335,-117.87000034648517,54.27000000000014,-117.07000036934605,55.019999999999996,legacy independent-max frozen truth
20260728_19Z_F04,Medium,5,5523.411726209395,5523.411726209396,inside,False,-106.55283477126805,34.56043778802248,-106.97000065796462,34.07000000000416,-106.1200006822543,34.97000000000398,legacy independent-max frozen truth
20260728_19Z_F04,Medium,6,405.97312866890826,405.97312866890826,inside,False,-107.30437564840949,34.82937500000401,-107.42000064510538,34.720000000004035,-107.1700006522494,34.920000000003995,legacy independent-max frozen truth
20260728_19Z_F04,Medium,7,252.0593375039979,252.0593375039979,inside,False,-108.49500061438607,35.37000000000389,-108.57000061224286,35.27000000000392,-108.42000061652928,35.47000000000388,legacy independent-max frozen truth
20260728_19Z_F04,Medium,8,9218.918307086848,9218.918307086848,inside,False,-104.60907967279901,38.33960526316122,-105.27000070654398,37.72000000000344,-103.77000074940813,38.97000000000318,legacy independent-max frozen truth
20260728_19Z_F04,Medium,9,954.8661190639783,954.8661190639784,inside,False,-104.479091638236,45.53931818182005,-104.67000072368964,45.320000000001926,-104.32000073369127,45.77000000000183,legacy independent-max frozen truth
20260728_19Z_F04,Medium,10,10858.884914987611,10858.884914987613,inside,False,-83.2583115207373,35.588055555559414,-84.07000131235722,35.120000000003955,-82.47000135807897,36.07000000000376,legacy independent-max frozen truth
20260728_19Z_F04,Medium,11,5658.800964751302,5658.800964751302,inside,False,-103.37491707868969,40.080146443517606,-103.77000074940813,39.62000000000306,-102.92000077369781,40.52000000000288,legacy independent-max frozen truth
20260728_19Z_F04,Medium,12,48.846585679124956,48.846585679124956,inside,False,-77.12000151096109,37.84500000000341,-77.17000150953228,37.82000000000342,-77.0700015123899,37.8700000000034,legacy independent-max frozen truth
20260728_19Z_F04,Medium,13,3385.5080965834572,3385.508096583458,inside,False,-78.09250148317084,38.57607142857469,-78.42000147381216,38.27000000000332,-77.72000149381543,38.9200000000032,legacy independent-max frozen truth
20260728_19Z_F04,Medium,14,36227.058702158174,36227.96116662445,crossing,True,-75.46959332820822,40.108096015679,-77.12000151096109,38.3700000000033,-74.12000159668938,42.02000000000258,legacy independent-max frozen truth
20260728_19Z_F04,Medium,15,5412.107153482049,5412.1071534820485,inside,False,-73.30300162003604,45.676200000001835,-73.72000160811982,45.120000000001966,-72.8700016324095,46.32000000000173,legacy independent-max frozen truth
20260728_19Z_F04,Medium,16,86.0633713650482,86.0633713650482,inside,False,-72.60750163991072,46.032500000001775,-72.67000163812472,45.97000000000179,-72.52000164241113,46.07000000000177,legacy independent-max frozen truth
20260728_19Z_F04,Medium,17,692.4817664139457,692.4817664139456,inside,False,-71.34348652451621,47.37833333333484,-71.57000166955842,47.27000000000153,-71.07000168384647,47.52000000000149,legacy independent-max frozen truth
