event_id,component_id,truth_class,area_km2,preclip_area_km2,domain_status,retained_at_15000,capture_fraction,current_miss,sparse_area_capture,medium_area_capture,solid_line_capture,sparse_area_unique_capture,medium_area_unique_capture,solid_line_unique_capture,retained_medium_core_fraction,nearest_forecast_class,nearest_forecast_distance_km,artccs,min_lon,min_lat,max_lon,max_lat,artifact_method,report_label
20260403_21Z_F04,3,Sparse,8946.732255560984,8946.732255560984,inside,False,0.0,False,0.0,0.0,0.0,0.0,0.0,0.0,0.0,Sparse AREA,53.891114893467176,ZFW,-99.57000086942773,32.12000000000455,-98.47000090086144,33.170000000004336,legacy independent-max frozen truth,
20260403_21Z_F04,4,Sparse,16117.226495269877,16117.226495269877,inside,True,1.0000000000000002,False,1.0000000000000002,0.5195883186944315,0.026783390411764148,0.48041168130556877,0.0,0.0,0.0,Sparse AREA,0.0,ZFW/ZKC,-99.47000087228534,34.520000000004075,-97.67000092372231,35.920000000003796,legacy independent-max frozen truth,
20260403_21Z_F04,5,Sparse,83208.29175778075,83208.29175778075,inside,True,0.7977642376099027,False,0.7977642376099027,0.15186093061069542,0.05837245264039042,0.6459033069992073,0.0,0.0,0.3683708954636877,Sparse AREA,0.0,ZAU/ZKC/ZMP,-96.32000096230004,36.020000000003776,-92.6700010666028,43.420000000002304,legacy independent-max frozen truth,
20260403_21Z_F04,6,Sparse,1293.0631195683873,1293.063119568387,inside,False,0.0,False,0.0,0.0,0.0,0.0,0.0,0.0,0.0,Sparse AREA,270.2567154076248,ZFW,-93.37000104659953,33.02000000000437,-92.82000106231638,33.270000000004316,legacy independent-max frozen truth,
20260403_21Z_F04,7,Sparse,7722.842939553536,7722.842939553538,inside,False,0.0,False,0.0,0.0,0.0,0.0,0.0,0.0,0.0,Sparse AREA,61.36292197170888,ZMP,-93.82000103374028,44.27000000000213,-92.72000106517399,45.220000000001946,legacy independent-max frozen truth,
20260403_21Z_F04,8,Sparse,34906.158425970585,34906.158425970614,inside,True,0.5253872137248238,False,0.5253872137248238,0.0,0.0,0.5253872137248238,0.0,0.0,0.0,Sparse AREA,0.0,ZAU/ZKC,-90.27000113518542,40.02000000000298,-87.97000120091045,42.870000000002406,legacy independent-max frozen truth,
20260403_21Z_F04,9,Sparse,43771.96720001825,43771.96720001828,inside,True,0.5078806184724846,False,0.5078806184724846,0.0,0.0,0.5078806184724846,0.0,0.0,0.0,Sparse AREA,0.0,ZAU/ZMP,-92.77000106374518,42.770000000002426,-88.02000119948164,44.77000000000203,legacy independent-max frozen truth,
20260403_21Z_F04,10,Sparse,455.5597170118319,455.5597170118319,inside,False,0.0,False,0.0,0.0,0.0,0.0,0.0,0.0,0.0,Sparse AREA,194.272009305167,ZID,-85.97000125806264,39.07000000000316,-85.72000126520666,39.32000000000312,legacy independent-max frozen truth,
20260403_21Z_F04,11,Sparse,6990.516030913971,6990.51603091397,inside,False,0.0,False,0.0,0.0,0.0,0.0,0.0,0.0,0.0,Sparse AREA,159.94729334545391,ZAU/ZID,-85.82000126234905,40.470000000002884,-84.72000129378276,41.370000000002705,legacy independent-max frozen truth,
20260403_21Z_F04,12,Sparse,9420.31116151638,9420.311161516382,inside,False,0.0,False,0.0,0.0,0.0,0.0,0.0,0.0,0.0,Sparse AREA,97.22391911245617,ZJX/ZTL,-84.87000128949634,31.320000000004462,-83.77000132093005,32.470000000004475,legacy independent-max frozen truth,
20260403_21Z_F04,13,Sparse,2008.748301643226,2008.7483016432263,inside,False,0.0,False,0.0,0.0,0.0,0.0,0.0,0.0,0.0,Sparse AREA,158.01457112528007,ZTL,-83.42000133093168,32.12000000000455,-82.97000134379093,32.670000000004435,legacy independent-max frozen truth,
20260403_21Z_F04,14,Sparse,15511.360025065094,15511.36002506509,inside,True,0.0,True,0.0,0.0,0.0,0.0,0.0,0.0,0.0,Sparse AREA,363.92421748527056,ZID/ZOB,-83.2700013352181,40.02000000000298,-81.07000139808551,40.970000000002784,legacy independent-max frozen truth,ZID/ZOB - Missed (Area M1)
20260403_21Z_F04,15,Sparse,1912.1788870057158,1912.178887005716,inside,False,0.0,False,0.0,0.0,0.0,0.0,0.0,0.0,0.0,Sparse AREA,280.8938154564318,ZID,-84.270001306642,40.12000000000296,-83.47000132950288,40.470000000002884,legacy independent-max frozen truth,
20260524_13Z_F04,2,Sparse,4504.961734434065,9930.166024342328,crossing,False,0.6716462788109041,False,0.6716462788109041,0.0,0.0,0.6716462788109041,0.0,0.0,0.0,Sparse AREA,0.0,ZHU,-95.12000099659136,27.552037376781627,-94.07000102659626,28.42000000000401,legacy independent-max frozen truth,
20260524_13Z_F04,3,Sparse,9676.608676973648,9774.518144161959,crossing,False,0.816605926479639,False,0.816605926479639,0.0,0.0,0.816605926479639,0.0,0.0,0.0,Sparse AREA,0.0,ZHU,-92.6200010680316,28.250004977978808,-90.97000111518216,29.220000000004134,legacy independent-max frozen truth,
20260524_13Z_F04,4,Sparse,19697.69880307245,19697.698803072442,inside,True,0.4031180067684496,False,0.4031180067684496,0.0,0.0,0.4031180067684496,0.0,0.0,0.0,Sparse AREA,0.0,ZTL,-87.67000120948327,32.22000000000453,-85.82000126234905,33.920000000004194,legacy independent-max frozen truth,
20260524_13Z_F04,5,Sparse,19102.17383127363,19102.17383127362,inside,True,0.0,True,0.0,0.0,0.0,0.0,0.0,0.0,0.0,Sparse AREA,47.52915979562056,ZID/ZME/ZTL,-86.320001248061,34.67000000000404,-84.92000128806754,36.67000000000364,legacy independent-max frozen truth,ZID/ZME/ZTL - Missed (Area M3)
20260524_13Z_F04,6,Sparse,2685.9011887618717,2685.9011887618717,inside,False,0.0,False,0.0,0.0,0.0,0.0,0.0,0.0,0.0,Sparse AREA,311.83140941428906,ZID,-85.17000128092351,36.8700000000036,-84.62000129664037,37.47000000000348,legacy independent-max frozen truth,
20260524_13Z_F04,7,Sparse,2199.434682276108,2199.4346822761067,inside,False,0.0,False,0.0,0.0,0.0,0.0,0.0,0.0,0.0,Sparse AREA,345.46137697721923,ZID,-85.62000126806427,37.4200000000035,-84.82000129092515,38.02000000000338,legacy independent-max frozen truth,
20260524_13Z_F04,8,Sparse,14250.959416633534,14250.95941663354,inside,False,0.1791838285415672,False,0.1791838285415672,0.0,0.0,0.1791838285415672,0.0,0.0,0.0,Sparse AREA,0.0,ZAU/ZMP/ZOB,-85.3200012766371,42.22000000000254,-84.12000131092842,44.020000000002184,legacy independent-max frozen truth,
20260524_13Z_F04,9,Sparse,8055.860184982432,8055.860184982432,inside,False,0.0,False,0.0,0.0,0.0,0.0,0.0,0.0,0.0,Sparse AREA,235.99464456113492,ZJX,-83.2200013366469,29.420000000004165,-82.220001365223,30.420000000004322,legacy independent-max frozen truth,
20260524_13Z_F04,10,Sparse,2855.974457922889,2855.9744579228886,inside,False,0.0,False,0.0,0.0,0.0,0.0,0.0,0.0,0.0,Sparse AREA,296.58739387215695,ZID,-84.2200013080708,38.22000000000334,-83.67000132378766,38.82000000000322,legacy independent-max frozen truth,
20260524_13Z_F04,11,Sparse,1153.6816556929832,1153.681655692983,inside,False,0.0,False,0.0,0.0,0.0,0.0,0.0,0.0,0.0,Sparse AREA,327.75245575190337,ZID,-82.82000134807734,38.77000000000322,-82.42000135950778,39.27000000000312,legacy independent-max frozen truth,
20260524_13Z_F04,12,Sparse,4484.465794952022,4484.465794952025,inside,False,0.0,False,0.0,0.0,0.0,0.0,0.0,0.0,0.0,Sparse AREA,188.29325903018974,ZJX/ZMA,-80.67000140951595,28.520000000004025,-80.02000142809041,29.32000000000415,legacy independent-max frozen truth,
20260524_13Z_F04,13,Sparse,24829.59393562616,24829.593935626137,inside,True,0.07766381049192758,True,0.07766381049192758,0.0,0.0,0.07766381049192758,0.0,0.0,0.0,Sparse AREA,0.0,ZJX,-81.1200013966567,31.520000000004494,-79.17000145238009,33.620000000004254,legacy independent-max frozen truth,ZJX - Missed (Area M2)
20260524_13Z_F04,14,Sparse,7312.043416004934,7312.043416004934,inside,False,0.3586250444670836,False,0.3586250444670836,0.0,0.0,0.3586250444670836,0.0,0.0,0.0,Sparse AREA,0.0,ZDC/ZNY,-77.0200015138187,33.32000000000431,-76.07000154096599,34.420000000004094,legacy independent-max frozen truth,
20260524_13Z_F04,15,Sparse,16381.28370919836,16381.283709198358,inside,True,0.0,True,0.0,0.0,0.0,0.0,0.0,0.0,0.0,Sparse AREA,23.94980397575045,ZDC,-77.27000150667467,34.67000000000404,-75.22000156525567,36.120000000003756,legacy independent-max frozen truth,ZDC - Missed (Area M1)
20260524_19Z_F04,2,Sparse,1862.785505813419,1862.7855058134187,inside,False,0.0,False,0.0,0.0,0.0,0.0,0.0,0.0,0.0,Sparse AREA,916.3874171519725,ZAB,-110.87000054651784,31.420000000004478,-110.57000055509067,32.22000000000453,legacy independent-max frozen truth,
20260524_19Z_F04,5,Sparse,26.72745745470676,26.727457454706755,inside,False,0.9999999999999999,False,0.9999999999999999,0.0,0.0,0.9999999999999999,0.0,0.0,0.0,Sparse AREA,0.0,ZHU,-99.37000087514295,30.02000000000426,-99.32000087657175,30.07000000000427,legacy independent-max frozen truth,
20260524_19Z_F04,6,Sparse,23696.41584020182,23696.415840201822,inside,True,0.7888144801705365,False,0.7888144801705365,0.0,0.0,0.7888144801705365,0.0,0.0,0.0,Sparse AREA,0.0,ZFW,-98.52000089943263,31.82000000000454,-96.52000095658482,33.42000000000429,legacy independent-max frozen truth,
20260524_19Z_F04,7,Sparse,5564.939977247465,5564.939977247464,inside,False,0.0,False,0.0,0.0,0.0,0.0,0.0,0.0,0.0,Sparse AREA,428.8713438350973,ZMP,-98.02000091372068,42.9200000000024,-97.12000093943917,43.720000000002244,legacy independent-max frozen truth,
20260524_19Z_F04,8,Sparse,3475.195704684412,3475.1957046844113,inside,False,0.0,False,0.0,0.0,0.0,0.0,0.0,0.0,0.0,Sparse AREA,122.07103128043738,ZHU,-89.32000116233272,28.870000000004083,-88.67000118090718,29.570000000004192,legacy independent-max frozen truth,
20260524_19Z_F04,9,Sparse,19159.053334176206,19159.053334176202,inside,True,0.0,True,0.0,0.0,0.0,0.0,0.0,0.0,0.0,Sparse AREA,559.2316213105378,ZMP,-96.37000096087124,43.720000000002244,-93.97000102945387,45.37000000000191,legacy independent-max frozen truth,ZMP - Missed (Area M1)
20260524_19Z_F04,10,Sparse,2247.1129614870742,2247.1129614870733,inside,False,0.0,False,0.0,0.0,0.0,0.0,0.0,0.0,0.0,Sparse AREA,996.0275858360193,ZMP,-91.22000110803813,45.97000000000179,-90.82000111946857,46.67000000000165,legacy independent-max frozen truth,
20260524_19Z_F04,11,Sparse,323.62191115092406,323.62191115092406,inside,False,0.0,False,0.0,0.0,0.0,0.0,0.0,0.0,0.0,Sparse AREA,183.69506454234545,ZHU,-88.62000118233598,28.9700000000041,-88.52000118519359,29.270000000004146,legacy independent-max frozen truth,
20260524_19Z_F04,12,Sparse,19300.17414526146,19300.174145261473,inside,True,0.22426288360076313,False,0.22426288360076313,0.0,0.0,0.22426288360076313,0.0,0.0,0.0,Sparse AREA,0.0,ZJX,-85.97000125806264,29.770000000004224,-84.37000130378439,31.420000000004478,legacy independent-max frozen truth,
20260524_19Z_F04,13,Sparse,756.4740499748866,756.4740499748865,inside,False,0.0,False,0.0,0.0,0.0,0.0,0.0,0.0,0.0,Sparse AREA,16.58629159809967,ZTL,-85.57000126949308,32.270000000004515,-85.17000128092351,32.52000000000447,legacy independent-max frozen truth,
20260524_19Z_F04,14,Sparse,25472.213489321395,25472.213489321402,inside,True,0.598715842024733,False,0.598715842024733,0.0,0.0,0.598715842024733,0.0,0.0,0.0,Sparse AREA,0.0,ZTL,-85.2700012780659,33.720000000004234,-83.52000132807407,36.07000000000376,legacy independent-max frozen truth,
20260524_19Z_F04,15,Sparse,38206.270257137134,38206.276448709126,crossing,True,0.6715634011776916,False,0.6715634011776916,0.0,0.0,0.6715634011776916,0.0,0.0,0.6192837990785482,Sparse AREA,0.0,ZJX/ZTL,-84.62000129664037,31.370000000004474,-81.52000138522627,33.22000000000433,legacy independent-max frozen truth,
20260524_19Z_F04,16,Sparse,34219.77403440063,34219.77403440063,inside,True,0.4537460977529744,False,0.4537460977529744,0.0,0.0,0.4537460977529744,0.0,0.0,0.0,Sparse AREA,0.0,ZID/ZTL,-83.12000133950451,35.920000000003796,-80.82000140522953,39.27000000000312,legacy independent-max frozen truth,
20260524_19Z_F04,17,Sparse,20395.973669855277,20395.973669855266,inside,True,0.4574124821797558,False,0.4574124821797558,0.0,0.0,0.4574124821797558,0.0,0.0,0.0,Sparse AREA,0.0,ZJX/ZMA,-83.12000133950451,27.7200000000039,-81.92000137379583,30.520000000004337,legacy independent-max frozen truth,
20260524_19Z_F04,18,Sparse,4979.979809033116,4979.979809033116,inside,False,0.0,False,0.0,0.0,0.0,0.0,0.0,0.0,0.0,Sparse AREA,33.306088545468086,ZTL,-82.67000135236376,33.370000000004296,-81.77000137808224,34.320000000004114,legacy independent-max frozen truth,
20260524_19Z_F04,19,Sparse,3784.854126736451,3784.85412673645,inside,False,0.0,False,0.0,0.0,0.0,0.0,0.0,0.0,0.0,Sparse AREA,83.04785380012963,ZDC,-77.32000150524587,33.270000000004316,-76.52000152810675,33.8700000000042,legacy independent-max frozen truth,
20260524_19Z_F04,20,Sparse,1858.0275463171138,1858.0275463171138,inside,False,0.0,False,0.0,0.0,0.0,0.0,0.0,0.0,0.0,Sparse AREA,37.80124246342966,ZDC,-77.47000150095946,35.47000000000388,-76.9700015152475,35.920000000003796,legacy independent-max frozen truth,
20260524_19Z_F04,21,Sparse,25.090382668904155,25.090382668904155,inside,False,0.0,False,0.0,0.0,0.0,0.0,0.0,0.0,0.0,Sparse AREA,102.52043398735684,ZDC,-76.72000152239153,35.720000000003836,-76.67000152382033,35.77000000000382,legacy independent-max frozen truth,
20260524_19Z_F04,22,Sparse,696.2196288900634,696.2196288900635,inside,False,0.0,False,0.0,0.0,0.0,0.0,0.0,0.0,0.0,Sparse AREA,99.02573440143635,ZDC,-79.82000143380563,38.97000000000318,-79.37000144666487,39.27000000000312,legacy independent-max frozen truth,
20260524_19Z_F04,23,Sparse,1011.2517893865844,1011.2517893865844,inside,False,0.0,False,0.0,0.0,0.0,0.0,0.0,0.0,0.0,Sparse AREA,209.85636522832039,ZOB,-80.72000140808714,40.370000000002904,-80.32000141951758,40.770000000002824,legacy independent-max frozen truth,
20260524_19Z_F06,2,Sparse,25147.16922582919,25147.16922582918,inside,True,0.5032901682205622,False,0.5032901682205622,0.0,0.0,0.5032901682205622,0.0,0.0,0.0,Sparse AREA,0.0,ZFW,-98.97000088657339,31.570000000004505,-96.87000094658319,33.270000000004316,legacy independent-max frozen truth,
20260524_19Z_F06,4,Sparse,22592.00533722741,22592.005337227423,inside,True,0.2710367838667767,False,0.2710367838667767,0.0,0.0,0.2710367838667767,0.0,0.0,0.0,Sparse AREA,0.0,ZMP,-97.8200009194359,42.4200000000025,-95.32000099087614,44.47000000000209,legacy independent-max frozen truth,
20260524_19Z_F06,5,Sparse,18043.62582095215,18043.62582095215,inside,True,0.0,True,0.0,0.0,0.0,0.0,0.0,0.0,0.0,Sparse AREA,19.668406752128856,ZMP,-94.87000100373538,43.67000000000225,-92.87000106088757,45.020000000001986,legacy independent-max frozen truth,ZMP - Missed (Area M2)
20260524_19Z_F06,6,Sparse,23112.2532517163,23112.253251716305,inside,True,0.0,True,0.0,0.0,0.0,0.0,0.0,0.0,0.0,Sparse AREA,101.97688030196143,ZJX,-86.07000125520503,29.770000000004224,-83.97000131521483,31.370000000004474,legacy independent-max frozen truth,ZJX - Missed (Area M1)
20260524_19Z_F06,7,Sparse,51656.714782866264,51656.714782866205,inside,True,0.5843023738134892,False,0.5843023738134892,0.0,0.0,0.5843023738134892,0.0,0.0,0.4256420314793035,Sparse AREA,0.0,ZJX/ZTL,-84.82000129092515,31.82000000000454,-81.72000137951105,35.3700000000039,legacy independent-max frozen truth,
20260524_19Z_F06,8,Sparse,11326.847264930979,11326.84726493098,inside,False,0.2975838618964007,False,0.2975838618964007,0.0,0.0,0.2975838618964007,0.0,0.0,0.0,Sparse AREA,0.0,ZJX,-83.12000133950451,28.770000000004067,-81.97000137236702,29.970000000004255,legacy independent-max frozen truth,
20260524_19Z_F06,9,Sparse,26162.766841550732,26162.76684155073,inside,True,0.6879141039030587,False,0.6879141039030587,0.0,0.0,0.6879141039030587,0.0,0.0,0.0,Sparse AREA,0.0,ZDC/ZID/ZOB/ZTL,-81.72000137951105,36.77000000000362,-79.97000142951921,39.3700000000031,legacy independent-max frozen truth,
20260728_19Z_F04,1,Sparse,11017.492917523392,11017.492917523396,inside,False,0.0,False,0.0,0.0,0.0,0.0,0.0,0.0,0.0,Sparse AREA,64.65555835483102,ZDV/ZLA,-113.3700004750776,36.27000000000372,-111.72000052222816,37.3700000000035,legacy independent-max frozen truth,
20260728_19Z_F04,2,Sparse,3864.379168598807,3864.379168598807,inside,False,0.9999999999999999,False,0.9999999999999999,0.0,0.0,0.9999999999999999,0.0,0.0,0.0,Sparse AREA,0.0,ZLC,-113.77000046364716,42.02000000000258,-112.97000048650804,42.72000000000244,legacy independent-max frozen truth,
20260728_19Z_F04,6,Sparse,2255.5013490827578,2255.501349082758,inside,False,0.0,False,0.0,0.0,0.0,0.0,0.0,0.0,0.0,Sparse AREA,26.76803297816922,ZAB,-108.57000061224286,32.670000000004435,-108.07000062653091,33.22000000000433,legacy independent-max frozen truth,
20260728_19Z_F04,7,Sparse,45841.328229367806,45841.32822936776,inside,True,0.8938420802555715,False,0.8938420802555715,0.0,0.0,0.8938420802555715,0.0,0.0,0.0,Sparse AREA,0.0,ZAB/ZDV,-109.82000057652274,33.920000000004194,-105.92000068796952,36.220000000003736,legacy independent-max frozen truth,
20260728_19Z_F04,8,Sparse,784.1035016188922,784.1035016188923,inside,False,0.0,False,0.0,0.0,0.0,0.0,0.0,0.0,0.0,Sparse AREA,180.65341594084788,ZLC,-112.17000050936892,37.47000000000348,-111.77000052079936,37.72000000000344,legacy independent-max frozen truth,
20260728_19Z_F04,10,Sparse,2104.0565820800007,2104.056582080001,inside,False,0.9999999999999999,False,0.9999999999999999,0.0,0.0,0.9999999999999999,0.0,0.0,0.0,Sparse AREA,0.0,ZAB,-105.47000070082876,35.620000000003856,-104.92000071654562,36.120000000003756,legacy independent-max frozen truth,
20260728_19Z_F04,11,Sparse,1473.8769762266652,1473.8769762266654,inside,False,0.005361784527511386,False,0.005361784527511386,0.0,0.0,0.005361784527511386,0.0,0.0,0.0,Sparse AREA,0.0,ZDV,-106.02000068511191,37.07000000000356,-105.77000069225593,37.72000000000344,legacy independent-max frozen truth,
20260728_19Z_F04,12,Sparse,24902.59463417679,24902.594634176785,inside,True,0.9588663519077572,False,0.9588663519077572,0.0,0.0,0.9588663519077572,0.0,0.0,0.0,Sparse AREA,0.0,ZDV,-105.72000069368474,37.17000000000354,-103.37000076083856,39.32000000000312,legacy independent-max frozen truth,
20260728_19Z_F04,13,Sparse,11697.836214189765,11697.83621418977,inside,False,1.0000000000000009,False,1.0000000000000009,0.3879562594071889,0.0,0.612043740592812,0.0,0.0,0.0,Sparse AREA,0.0,ZDV,-103.9700007436929,39.4200000000031,-102.77000077798422,40.770000000002824,legacy independent-max frozen truth,
20260728_19Z_F04,14,Sparse,9104.996077858214,9119.142010910049,crossing,False,0.0,False,0.0,0.0,0.0,0.0,0.0,0.0,0.0,Sparse AREA,298.90707161923933,ZDV/ZLC,-105.1200007108304,44.97000000000199,-103.72000075083693,46.02000000000179,legacy independent-max frozen truth,
20260728_19Z_F04,15,Sparse,32876.70815034861,32876.70815034861,inside,True,0.9877763388869534,False,0.9877763388869534,0.5657712987383215,0.0,0.4220050401486318,0.0,0.0,0.0,Sparse AREA,0.0,ZTL,-84.42000130235559,34.97000000000398,-80.77000140665834,36.27000000000372,legacy independent-max frozen truth,
20260728_19Z_F04,16,Sparse,3937.203604039075,3937.203604039076,inside,False,0.34210762302660574,False,0.34210762302660574,0.0,0.0,0.34210762302660574,0.0,0.0,0.0,Sparse AREA,0.0,ZDC/ZTL,-79.97000142951921,35.97000000000378,-79.22000145095129,36.62000000000366,legacy independent-max frozen truth,
20260728_19Z_F04,17,Sparse,5525.335163323159,5525.335163323159,inside,False,0.0,False,0.0,0.0,0.0,0.0,0.0,0.0,0.0,Sparse AREA,132.17421660281357,ZDC/ZOB,-79.92000143094802,39.22000000000314,-79.0200014566665,40.07000000000296,legacy independent-max frozen truth,
20260728_19Z_F04,18,Sparse,7029.529623627503,7029.5296236275035,inside,False,1.0000000000000002,False,1.0000000000000002,0.21408215406821937,0.0,0.7859178459317808,0.0,0.0,0.0,Sparse AREA,0.0,ZDV,-103.17000076655378,41.02000000000278,-102.12000079655868,41.9200000000026,legacy independent-max frozen truth,
20260728_19Z_F04,19,Sparse,75190.08790875839,75190.83080799703,crossing,True,0.7446946107659072,False,0.7409013877548093,0.23495023367111526,0.0,0.5097443770947919,0.003793223011097857,0.0,0.4818063085743746,Sparse AREA,0.0,ZBW/ZDC/ZNY,-78.67000146666814,36.8700000000036,-73.9200016024046,42.22000000000254,legacy independent-max frozen truth,
20260728_19Z_F04,20,Sparse,3495.9366352569364,3495.9366352569364,inside,False,0.0,False,0.0,0.0,0.0,0.0,0.0,0.0,0.0,Sparse AREA,106.247950599214,ZNY/ZOB,-77.77000149238663,41.22000000000274,-76.92000151667631,41.9200000000026,legacy independent-max frozen truth,
20260728_19Z_F04,21,Sparse,9219.068545964948,9219.068545964947,inside,False,0.6157867130233217,False,0.6157867130233217,0.0,0.0,0.6157867130233217,0.0,0.0,0.0,Sparse AREA,0.0,ZBW,-73.62000161097743,42.32000000000252,-71.8700016609856,43.27000000000233,legacy independent-max frozen truth,
20260728_19Z_F04,22,Sparse,20857.43127410247,20857.431274102477,inside,True,1.0,False,1.0,0.0,0.0,1.0,0.0,0.0,0.0,Sparse AREA,0.0,ZBW,-73.9200016024046,44.67000000000205,-71.8200016624144,46.72000000000165,legacy independent-max frozen truth,
20260728_19Z_F04,23,Sparse,88.19521346332795,88.19521346332795,inside,False,0.0,False,0.0,0.0,0.0,0.0,0.0,0.0,0.0,Sparse AREA,1.6693816126632226,ZBW,-71.62000166812962,44.57000000000207,-71.52000167098723,44.67000000000205,legacy independent-max frozen truth,
20260728_19Z_F04,24,Sparse,7809.695929978907,9445.34141914191,crossing,False,0.9539630063258653,False,0.9539630063258653,0.0,0.0,0.9539630063258653,0.0,0.0,0.0,Sparse AREA,0.0,UNKNOWN,-72.32000164812635,46.92000000000161,-70.7700016924193,48.0,legacy independent-max frozen truth,
